query_string,source,timestamp,raw_results_returned,units_retained,method,notes
(route probe),reddit,2026-08-22T15:49:35+00:00,0,0,diagnostic probe,www.reddit.com/search.json: HTTP 403 content-type=text/html  <-- BLOCKED
(route probe),reddit,2026-08-22T15:49:35+00:00,0,0,diagnostic probe,old.reddit.com/search.json: HTTP 200 content-type=text/html  <-- BLOCKED
(route probe),reddit,2026-08-22T15:49:35+00:00,0,0,diagnostic probe,r/IndianFashionAddicts search.json: HTTP 403 content-type=text/html  <-- BLOCKED
(route probe),reddit,2026-08-22T15:49:35+00:00,0,0,diagnostic probe,"pullpush submission: HTTP 429 content-type=application/json  <-- BLOCKED  {""error"":""Rate limit exceeded. This website does not provide free scraping resources for agents. Please contact the administrator "
(route probe),reddit,2026-08-22T15:49:35+00:00,0,0,diagnostic probe,"pullpush comment: HTTP 429 content-type=application/json  <-- BLOCKED  {""error"":""Rate limit exceeded. This website does not provide free scraping resources for agents. Please contact the administrator "
wishlist,playstore,2026-08-22T15:54:18+00:00,30000,335,bulk review pull + local behaviour-anchored regex filter,Myntra / com.myntra.android / country=in lang=en / no server-side search available on this endpoint
saved for later,playstore,2026-08-22T15:54:18+00:00,30000,2,bulk review pull + local behaviour-anchored regex filter,Myntra / com.myntra.android / country=in lang=en / no server-side search available on this endpoint
added to wishlist,playstore,2026-08-22T15:54:18+00:00,30000,5,bulk review pull + local behaviour-anchored regex filter,Myntra / com.myntra.android / country=in lang=en / no server-side search available on this endpoint
shortlisted,playstore,2026-08-22T15:54:18+00:00,30000,11,bulk review pull + local behaviour-anchored regex filter,Myntra / com.myntra.android / country=in lang=en / no server-side search available on this endpoint
saved items,playstore,2026-08-22T15:54:18+00:00,30000,4,bulk review pull + local behaviour-anchored regex filter,Myntra / com.myntra.android / country=in lang=en / no server-side search available on this endpoint
saved it but,playstore,2026-08-22T15:54:18+00:00,30000,2,bulk review pull + local behaviour-anchored regex filter,Myntra / com.myntra.android / country=in lang=en / no server-side search available on this endpoint
added to cart / bag,playstore,2026-08-22T15:54:18+00:00,30000,34,bulk review pull + local behaviour-anchored regex filter,Myntra / com.myntra.android / country=in lang=en / no server-side search available on this endpoint
meant to buy,playstore,2026-08-22T15:54:18+00:00,30000,20,bulk review pull + local behaviour-anchored regex filter,Myntra / com.myntra.android / country=in lang=en / no server-side search available on this endpoint
never bought it,playstore,2026-08-22T15:54:18+00:00,30000,0,bulk review pull + local behaviour-anchored regex filter,Myntra / com.myntra.android / country=in lang=en / no server-side search available on this endpoint
wishlist,playstore,2026-08-22T15:59:58+00:00,30000,521,bulk review pull + local behaviour-anchored regex filter,AJIO / com.ril.ajio / country=in lang=en / no server-side search available on this endpoint
saved for later,playstore,2026-08-22T15:59:58+00:00,30000,1,bulk review pull + local behaviour-anchored regex filter,AJIO / com.ril.ajio / country=in lang=en / no server-side search available on this endpoint
added to wishlist,playstore,2026-08-22T15:59:58+00:00,30000,15,bulk review pull + local behaviour-anchored regex filter,AJIO / com.ril.ajio / country=in lang=en / no server-side search available on this endpoint
shortlisted,playstore,2026-08-22T15:59:58+00:00,30000,11,bulk review pull + local behaviour-anchored regex filter,AJIO / com.ril.ajio / country=in lang=en / no server-side search available on this endpoint
saved items,playstore,2026-08-22T15:59:58+00:00,30000,7,bulk review pull + local behaviour-anchored regex filter,AJIO / com.ril.ajio / country=in lang=en / no server-side search available on this endpoint
saved it but,playstore,2026-08-22T15:59:58+00:00,30000,1,bulk review pull + local behaviour-anchored regex filter,AJIO / com.ril.ajio / country=in lang=en / no server-side search available on this endpoint
added to cart / bag,playstore,2026-08-22T15:59:58+00:00,30000,57,bulk review pull + local behaviour-anchored regex filter,AJIO / com.ril.ajio / country=in lang=en / no server-side search available on this endpoint
meant to buy,playstore,2026-08-22T15:59:58+00:00,30000,18,bulk review pull + local behaviour-anchored regex filter,AJIO / com.ril.ajio / country=in lang=en / no server-side search available on this endpoint
never bought it,playstore,2026-08-22T15:59:58+00:00,30000,0,bulk review pull + local behaviour-anchored regex filter,AJIO / com.ril.ajio / country=in lang=en / no server-side search available on this endpoint
wishlist,playstore,2026-08-22T16:03:58+00:00,30000,66,bulk review pull + local behaviour-anchored regex filter,Nykaa Fashion / com.fsn.nds / country=in lang=en / no server-side search available on this endpoint
saved for later,playstore,2026-08-22T16:03:58+00:00,30000,0,bulk review pull + local behaviour-anchored regex filter,Nykaa Fashion / com.fsn.nds / country=in lang=en / no server-side search available on this endpoint
added to wishlist,playstore,2026-08-22T16:03:58+00:00,30000,1,bulk review pull + local behaviour-anchored regex filter,Nykaa Fashion / com.fsn.nds / country=in lang=en / no server-side search available on this endpoint
shortlisted,playstore,2026-08-22T16:03:58+00:00,30000,2,bulk review pull + local behaviour-anchored regex filter,Nykaa Fashion / com.fsn.nds / country=in lang=en / no server-side search available on this endpoint
saved items,playstore,2026-08-22T16:03:58+00:00,30000,3,bulk review pull + local behaviour-anchored regex filter,Nykaa Fashion / com.fsn.nds / country=in lang=en / no server-side search available on this endpoint
saved it but,playstore,2026-08-22T16:03:58+00:00,30000,0,bulk review pull + local behaviour-anchored regex filter,Nykaa Fashion / com.fsn.nds / country=in lang=en / no server-side search available on this endpoint
added to cart / bag,playstore,2026-08-22T16:03:58+00:00,30000,3,bulk review pull + local behaviour-anchored regex filter,Nykaa Fashion / com.fsn.nds / country=in lang=en / no server-side search available on this endpoint
meant to buy,playstore,2026-08-22T16:03:58+00:00,30000,4,bulk review pull + local behaviour-anchored regex filter,Nykaa Fashion / com.fsn.nds / country=in lang=en / no server-side search available on this endpoint
never bought it,playstore,2026-08-22T16:03:58+00:00,30000,0,bulk review pull + local behaviour-anchored regex filter,Nykaa Fashion / com.fsn.nds / country=in lang=en / no server-side search available on this endpoint
wishlist,appstore,2026-08-22T16:04:14+00:00,500,0,Apple first-party RSS customer-reviews endpoint + local behaviour-anchored regex filter,Myntra / id=907394059 / storefront=in / Apple RSS hard-caps at page=10 (~500 reviews per app)
saved for later,appstore,2026-08-22T16:04:14+00:00,500,0,Apple first-party RSS customer-reviews endpoint + local behaviour-anchored regex filter,Myntra / id=907394059 / storefront=in / Apple RSS hard-caps at page=10 (~500 reviews per app)
added to wishlist,appstore,2026-08-22T16:04:14+00:00,500,0,Apple first-party RSS customer-reviews endpoint + local behaviour-anchored regex filter,Myntra / id=907394059 / storefront=in / Apple RSS hard-caps at page=10 (~500 reviews per app)
shortlisted,appstore,2026-08-22T16:04:14+00:00,500,0,Apple first-party RSS customer-reviews endpoint + local behaviour-anchored regex filter,Myntra / id=907394059 / storefront=in / Apple RSS hard-caps at page=10 (~500 reviews per app)
saved items,appstore,2026-08-22T16:04:14+00:00,500,0,Apple first-party RSS customer-reviews endpoint + local behaviour-anchored regex filter,Myntra / id=907394059 / storefront=in / Apple RSS hard-caps at page=10 (~500 reviews per app)
saved it but,appstore,2026-08-22T16:04:14+00:00,500,0,Apple first-party RSS customer-reviews endpoint + local behaviour-anchored regex filter,Myntra / id=907394059 / storefront=in / Apple RSS hard-caps at page=10 (~500 reviews per app)
added to cart / bag,appstore,2026-08-22T16:04:14+00:00,500,0,Apple first-party RSS customer-reviews endpoint + local behaviour-anchored regex filter,Myntra / id=907394059 / storefront=in / Apple RSS hard-caps at page=10 (~500 reviews per app)
meant to buy,appstore,2026-08-22T16:04:14+00:00,500,0,Apple first-party RSS customer-reviews endpoint + local behaviour-anchored regex filter,Myntra / id=907394059 / storefront=in / Apple RSS hard-caps at page=10 (~500 reviews per app)
never bought it,appstore,2026-08-22T16:04:14+00:00,500,0,Apple first-party RSS customer-reviews endpoint + local behaviour-anchored regex filter,Myntra / id=907394059 / storefront=in / Apple RSS hard-caps at page=10 (~500 reviews per app)
wishlist,appstore,2026-08-22T16:04:30+00:00,500,1,Apple first-party RSS customer-reviews endpoint + local behaviour-anchored regex filter,AJIO / id=1113425372 / storefront=in / Apple RSS hard-caps at page=10 (~500 reviews per app)
saved for later,appstore,2026-08-22T16:04:30+00:00,500,0,Apple first-party RSS customer-reviews endpoint + local behaviour-anchored regex filter,AJIO / id=1113425372 / storefront=in / Apple RSS hard-caps at page=10 (~500 reviews per app)
added to wishlist,appstore,2026-08-22T16:04:30+00:00,500,0,Apple first-party RSS customer-reviews endpoint + local behaviour-anchored regex filter,AJIO / id=1113425372 / storefront=in / Apple RSS hard-caps at page=10 (~500 reviews per app)
shortlisted,appstore,2026-08-22T16:04:30+00:00,500,0,Apple first-party RSS customer-reviews endpoint + local behaviour-anchored regex filter,AJIO / id=1113425372 / storefront=in / Apple RSS hard-caps at page=10 (~500 reviews per app)
saved items,appstore,2026-08-22T16:04:30+00:00,500,0,Apple first-party RSS customer-reviews endpoint + local behaviour-anchored regex filter,AJIO / id=1113425372 / storefront=in / Apple RSS hard-caps at page=10 (~500 reviews per app)
saved it but,appstore,2026-08-22T16:04:30+00:00,500,0,Apple first-party RSS customer-reviews endpoint + local behaviour-anchored regex filter,AJIO / id=1113425372 / storefront=in / Apple RSS hard-caps at page=10 (~500 reviews per app)
added to cart / bag,appstore,2026-08-22T16:04:30+00:00,500,0,Apple first-party RSS customer-reviews endpoint + local behaviour-anchored regex filter,AJIO / id=1113425372 / storefront=in / Apple RSS hard-caps at page=10 (~500 reviews per app)
meant to buy,appstore,2026-08-22T16:04:30+00:00,500,0,Apple first-party RSS customer-reviews endpoint + local behaviour-anchored regex filter,AJIO / id=1113425372 / storefront=in / Apple RSS hard-caps at page=10 (~500 reviews per app)
never bought it,appstore,2026-08-22T16:04:30+00:00,500,0,Apple first-party RSS customer-reviews endpoint + local behaviour-anchored regex filter,AJIO / id=1113425372 / storefront=in / Apple RSS hard-caps at page=10 (~500 reviews per app)
wishlist,appstore,2026-08-22T16:04:48+00:00,500,0,Apple first-party RSS customer-reviews endpoint + local behaviour-anchored regex filter,Nykaa Fashion / id=1439872423 / storefront=in / Apple RSS hard-caps at page=10 (~500 reviews per app)
saved for later,appstore,2026-08-22T16:04:48+00:00,500,0,Apple first-party RSS customer-reviews endpoint + local behaviour-anchored regex filter,Nykaa Fashion / id=1439872423 / storefront=in / Apple RSS hard-caps at page=10 (~500 reviews per app)
added to wishlist,appstore,2026-08-22T16:04:48+00:00,500,0,Apple first-party RSS customer-reviews endpoint + local behaviour-anchored regex filter,Nykaa Fashion / id=1439872423 / storefront=in / Apple RSS hard-caps at page=10 (~500 reviews per app)
shortlisted,appstore,2026-08-22T16:04:48+00:00,500,0,Apple first-party RSS customer-reviews endpoint + local behaviour-anchored regex filter,Nykaa Fashion / id=1439872423 / storefront=in / Apple RSS hard-caps at page=10 (~500 reviews per app)
saved items,appstore,2026-08-22T16:04:48+00:00,500,0,Apple first-party RSS customer-reviews endpoint + local behaviour-anchored regex filter,Nykaa Fashion / id=1439872423 / storefront=in / Apple RSS hard-caps at page=10 (~500 reviews per app)
saved it but,appstore,2026-08-22T16:04:48+00:00,500,0,Apple first-party RSS customer-reviews endpoint + local behaviour-anchored regex filter,Nykaa Fashion / id=1439872423 / storefront=in / Apple RSS hard-caps at page=10 (~500 reviews per app)
added to cart / bag,appstore,2026-08-22T16:04:48+00:00,500,0,Apple first-party RSS customer-reviews endpoint + local behaviour-anchored regex filter,Nykaa Fashion / id=1439872423 / storefront=in / Apple RSS hard-caps at page=10 (~500 reviews per app)
meant to buy,appstore,2026-08-22T16:04:48+00:00,500,0,Apple first-party RSS customer-reviews endpoint + local behaviour-anchored regex filter,Nykaa Fashion / id=1439872423 / storefront=in / Apple RSS hard-caps at page=10 (~500 reviews per app)
never bought it,appstore,2026-08-22T16:04:48+00:00,500,0,Apple first-party RSS customer-reviews endpoint + local behaviour-anchored regex filter,Nykaa Fashion / id=1439872423 / storefront=in / Apple RSS hard-caps at page=10 (~500 reviews per app)
behaviour-anchored scan of public review page,forum,2026-08-22T16:04:51+00:00,25,0,HTTP GET + local behaviour-anchored regex filter,sitejabber / Myntra / https://www.sitejabber.com/reviews/myntra.com
behaviour-anchored scan of public review page,forum,2026-08-22T16:04:55+00:00,25,0,HTTP GET + local behaviour-anchored regex filter,sitejabber / AJIO / https://www.sitejabber.com/reviews/ajio.com
behaviour-anchored scan of public review page,forum,2026-08-22T16:04:59+00:00,6,0,HTTP GET + local behaviour-anchored regex filter,sitejabber / Nykaa Fashion / https://www.sitejabber.com/reviews/nykaafashion.com
behaviour-anchored scan of public review page,forum,2026-08-22T16:05:04+00:00,40,0,HTTP GET + local behaviour-anchored regex filter,complaintsboard / Myntra / https://www.complaintsboard.com/myntra-b123166
behaviour-anchored scan of public review page,forum,2026-08-22T16:05:12+00:00,1,0,HTTP GET + local behaviour-anchored regex filter,consumercomplaints / Myntra / https://www.consumercomplaints.in/myntra-b100327
behaviour-anchored scan of public review page,forum,2026-08-22T16:05:22+00:00,1,0,HTTP GET + local behaviour-anchored regex filter,consumercomplaints / AJIO / https://www.consumercomplaints.in/ajio-b105452
behaviour-anchored scan of public review page,forum,2026-08-22T16:05:28+00:00,0,0,HTTP GET + local behaviour-anchored regex filter,consumercomplaints / Nykaa / BLOCKED HTTP 404 / https://www.consumercomplaints.in/nykaa-b104969
