url,status,query
https://shivam-goyal.medium.com/wishlist-collections-myntra-125b5aa2a6b2,http_403,"""wishlist"" Myntra -site:reddit.com"
https://www.google.com/goto?url=CAESmwEB6zswFWrQodi06XlvaGiRxiHneSLJKEOWrWwYGy-qQg-VXZihzEf3ExVqPNjPD6xEvbPq22bp_O14KDHdZcWutrfCu1OMuP1XNs2_BE_Mvng1T3adEGoHQr5zohi14TDDvE0YynzdHyfLB-wGELcMokTfPtksxiIvYMhiwPNO37EJnC1nqdzmmZrUdCIOHxXUKNiqrCv868zJRw,http_400,"""wishlist"" Myntra -site:reddit.com"
https://www.nykaafashion.com/wishlist?srsltid=AfmBOoo7XqaexpxXLLc0KfpPLOdhmUU1r8NmMo013VOlqTNKJh-p1ptG,http_403,"""wishlist"" ""Nykaa Fashion"" -site:reddit.com"
https://www.facebook.com/NykaaFashion/posts/therapy-is-great-so-is-a-really-good-wishlisttell-us-the-one-thing-youd-add-to-y/1419678353676744/,http_400,"""wishlist"" ""Nykaa Fashion"" -site:reddit.com"
https://www.nykaa.com/twenty-dresses-by-nykaa-fashion-put-me-on-wishlist-belt/p/12021715,http_403,"""wishlist"" ""Nykaa Fashion"" -site:reddit.com"
https://www.nykaafashion.com/twenty-dresses-by-nykaa-fashion-put-me-on-wishlist-belt/p/3686717?srsltid=AfmBOortSSAmTJxgHkBBNmx4OkhFqzZF7GdWHM6NxpPIGhxDSBBC8HB6,http_403,"""wishlist"" ""Nykaa Fashion"" -site:reddit.com"
https://www.google.com/goto?url=CAESvgEB6zswFSuKMwdUrDghYsBZGhkNuaemv-sF5bAR8eTuYqQXB8vM3Q4nStzH4s5YByQxoL4iMXup_fd2X7aqAC4lZqU54FL_wnnwURhzQC7-iMtRWkNb7JvQm0nsVec5fzQXMWCVcESpKCsrNaQh_gDrfExEOc5I4tg1kN6eE-I6ZAl47-K8cPd-e3EkBbCrvwP4oZzQ1VrYKVrsG96j3GG122ehK7elv4Owdg_o9l6ngc1Iys2x3FyTitiFaK1V,http_400,"""saved for later"" online shopping India -site:reddit.com"
https://www.facebook.com/groups/lilyandfox/posts/2730174944031232/,http_400,"""saved for later"" online shopping India -site:reddit.com"
https://forum.psnprofiles.com/topic/156982-psn-app-how-to-remove-items-from-wish-list-after-purchase/,http_403,"""still in my wishlist"" -site:reddit.com"
https://android.stackexchange.com/questions/32809/how-to-remove-app-from-wishlist,http_403,"""still in my wishlist"" -site:reddit.com"
https://mesasoluto.com/?j=12272987041930,http_500,"""still in my wishlist"" -site:reddit.com"
https://www.facebook.com/groups/729233734132891/posts/2714209555635289/,http_400,"""meant to buy"" dress online -site:reddit.com"
https://siliguripc.wbpolice.gov.in/online-google-play-clash-royale-offer-apk-76176t51,fetch_error_SSLError,"""meant to buy"" dress online -site:reddit.com"
https://danslelakehouse.com/2013/02/pinterest-challenge-diy-dyed-dress.html,fetch_error_ConnectionError,"""meant to buy"" dress online -site:reddit.com"
https://www.trustpilot.com/review/mygarmentsclo.com,http_403,"""meant to buy"" dress online -site:reddit.com"
https://northerncalstyle.com/2023/08/what-to-wear-to-a-reunion-inspiration-for-loving-mid-life-and-what-nordstrom-sf-did-for-the-city.html,http_403,"""meant to buy"" dress online -site:reddit.com"
https://www.quora.com/Items-on-my-Myntra-wish-list-goes-off-discount-if-I-do-not-buy-it-within-8-10-hours-Can-anyone-tell-me-if-I-just-have-rotten-luck-or-is-Myntra-doing-something-using-my-preferences,http_403,site:quora.com wishlist Myntra OR Ajio
https://www.quora.com/After-adding-an-item-to-my-cart-on-Myntra-I-was-taken-to-a-page-that-said-the-item-was-no-longer-available-Why-would-this-happen,http_403,site:quora.com wishlist Myntra OR Ajio
https://www.quora.com/Why-do-90-of-Myntras-customers-face-issues-from-instant-price-hike-after-adding-to-cart-Is-this-some-kind-of-dirty-strategy-of-Myntra-What-solutions-do-you-suggest-for-this-issue,http_403,site:quora.com wishlist Myntra OR Ajio
https://www.quora.com/Does-Myntra-charge-extra-for-exchanged-products,http_403,site:quora.com wishlist Myntra OR Ajio
https://www.quora.com/How-did-Myntra-give-a-50-discount-on-products-Does-that-mean-that-products-are-fake,http_403,site:quora.com wishlist Myntra OR Ajio
https://www.quora.com/How-can-I-do-online-purchasing-on-Myntra-with-more-offers,http_403,site:quora.com wishlist Myntra OR Ajio
